<?xml version="1.0" encoding="UTF-8"?>

<!-- New XML document created with EditiX XML Editor (http://www.editix.com) at Wed May 19 20:35:12 CEST 2021 -->

<Commandes>
      <commande>
        <NoCommande> 001 </NoCommande>
        <NoModele> 101 </NoModele>
        <qt> 1 </qt>
        <DateCommande> 25/05/2021 </DateCommande>
        <AdresseLivraison>
          <numero> 27 </numero>
          <voie> rue de la gare </voie>
          <code-postal> 92130 </code-postal>
       </AdresseLivraison>
       <DateLivraison> 25/05/2021 </DateLivraison>
       <Remise> 25 </Remise>
       <Total> 108 </Total>
       <AuteurCommande> Soubrier </AuteurCommande>
      </commande>
      
      <commande>
        <NoCommande> 002 </NoCommande>
       ,<NoModele> 101 </NoModele>
        <qt> 2 </qt>
        <DateCommande> 25/05/2021 </DateCommande>
        <AdresseLivraison>
          <numero> 51 </numero>
          <voie> avenue jean jaures </voie>
          <code-postal> 75019 </code-postal>
       </AdresseLivraison>
       <DateLivraison> 25/05/2021 </DateLivraison>
       <Remise> 25 </Remise>
       <Total> 118 </Total>
       <AuteurCommande> MATTT </AuteurCommande>
      </commande>
      
      <commande>
        <NoCommande> 004 </NoCommande>
       ,<NoModele> 101 </NoModele>
        <qt> 3 </qt>
        <DateCommande> 25/05/2021 </DateCommande>
        <AdresseLivraison>
          <numero> 110 </numero>
          <voie> rue de rennes </voie>
          <code-postal> 75006 </code-postal>
       </AdresseLivraison>
       <DateLivraison> 25/05/2021 </DateLivraison>
       <Remise> 25 </Remise>
       <Total> 110 </Total>
       <AuteurCommande> Derit </AuteurCommande>
      </commande>
      
</Commandes>
