﻿ {
  "Personne": [
    {
      "nom": "Soubrier",
      "prenom": "Thomas",
      "date inscription": {

        "jour": "25",
        "mois": "mai",
        "année": "2021"

      },
      "adresse": {
        "numéro": "27",
        "voie": "rue de la gare",
        "code postal": "92130"
      },
      "couriel": "thomas.soubrier@gmail.com",
      "ProgrammeFidelo": {
        "description": "Fidélio",
        "coût": "15",
        "durée": "1 an"
      },
      "Numéro de Tel": "0695837585"
    },
    {

      "nom": "MATTT",
      "prenom": "Mathieu",
      "date inscription": {

        "jour": "12",
        "mois": "avril",
        "année": "2020"

      },
      "adresse": {
        "numéro": "51",
        "voie": "avenue jean jaures",
        "code postal": "75019"
      },
      "couriel": "mathieu.matt@hotmail.fr",
      "ProgrammeFidelo": {
        "description": "Fidélio Max",
        "coût": "100",
        "durée": "4 ans"
      },
      "Numéro de Tel": "0617746392"
    },
    {

      "nom": "Derit",
      "prenom": "Victor",
      "date inscription": {

        "jour": "17",
        "mois": "octobre",
        "année": "2021"

      },
      "adresse": {
        "numéro": "110",
        "voie": "rue de Rennes",
        "code postal": "75006"
      },
      "couriel": "victor.derit@gmail.com",
      "ProgrammeFidelo": {
        "description": "Fidélio Or",
        "coût": "25",
        "durée": "2 an"
      },
      "Numéro de Tel": "0694658067"
    }
    
  ]
}